iWine,Barcode,Location,Bin,Size,Currency,ExchangeRate,Valuation,Price,NativePrice,NativePriceCurrency,StoreName,PurchaseDate,BottleNote,Vintage,Wine,Locale,Country,Region,SubRegion,Appellation,Producer,SortProducer,Type,Color,Category,Varietal,MasterVarietal,Designation,Vineyard,WA,WS,IWC,BH,AG,WE,JR,RH,JG,GV,JK,LD,CW,WFW,PR,SJ,WD,RR,JH,MFW,WWR,IWR,CHG,TT,TWF,DR,FP,JM,PG,WAL,JS,CT,CNotes,MY,PNotes,BeginConsume,EndConsume,PurchasedCommunity,QuantityCommunity,PendingCommunity,ConsumedCommunity
5183919,204582022,Cabinet,,750ml,USD,1,18.3084,20.0,20.0,USD,Costco,4/13/2025,,2021,Aresca Nizza San Luigi,"Italy, Piedmont, Asti, Nizza",Italy,Piedmont,Asti,Nizza,Aresca,Aresca,Red,Red,Dry,Barbera,Barbera,San Luigi,Unknown,,,,,,,,,,,,,,,,,,,,,,,,,,,,,,,,89.3214285714286,29,,,2025.0,2032.0,770,501,2,267
3836494,194649184,Cabinet,,750ml,USD,1,11.2621,0.0,0.0,USD,Unknown,8/11/2024,,2018,Gérard Bertrand Corbières Grenache/Syrah/Mourvedre,"France, Languedoc Roussillon, Languedoc, Corbières",France,Languedoc Roussillon,Languedoc,Corbières,Gérard Bertrand,"Bertrand, Gérard ",Red,Red,Dry,Red Rhone Blend,Red Rhone Blend,Grenache/Syrah/Mourvedre,Unknown,,,,,,,,,,,,,,,,,,,,,,,,,,,,,,,,89.0,7,,,2021.0,2025.0,104,34,0,70
4391934,197657407,Cabinet,,750ml,USD,1,11.8621,8.0,8.0,USD,Costco,11/2/2024,,2020,Bodegas Castaño Monastrell Yecla Hécula,"Spain, Murcia, Yecla",Spain,Murcia,Unknown,Yecla,Bodegas Castaño,"Castaño, Bodegas ",Red,Red,Dry,Monastrell,Mourvèdre,Hécula,Unknown,,,,,,,,,,,,,,,,,,,,,,,,,,,,,,,,89.0,1,,,2023.0,2026.0,19,6,0,13
4391934,197657408,Cabinet,,750ml,USD,1,11.8621,8.0,8.0,USD,Costco,11/2/2024,,2020,Bodegas Castaño Monastrell Yecla Hécula,"Spain, Murcia, Yecla",Spain,Murcia,Unknown,Yecla,Bodegas Castaño,"Castaño, Bodegas ",Red,Red,Dry,Monastrell,Mourvèdre,Hécula,Unknown,,,,,,,,,,,,,,,,,,,,,,,,,,,,,,,,89.0,1,,,2023.0,2026.0,19,6,0,13
4856066,207273230,Cabinet,,750ml,USD,1,17.0691,23.0,23.0,USD,Costco,6/20/2025,,2022,Circumference Wines Cabernet Sauvignon,"USA, California, Sonoma County, Dry Creek Valley",USA,California,Sonoma County,Dry Creek Valley,Circumference Wines,Circumference Wines,Red,Red,Dry,Cabernet Sauvignon,Cabernet Sauvignon,Unknown,Unknown,,,,,,,,,,,,,,,,,,,,,,,,,,,,,,,,89.1320754716981,57,,,2024.0,2027.0,803,408,0,395
5078456,198636899,Cabinet,,750ml,USD,1,19.7804,25.0,25.0,USD,Costco,11/21/2024,,2022,Clos de Napa Cellars Cabernet Sauvignon Napa Valley,"USA, California, Napa Valley",USA,California,Napa Valley,Napa Valley,Clos de Napa Cellars,Clos de Napa Cellars,Red,Red,Dry,Cabernet Sauvignon,Cabernet Sauvignon,Unknown,Unknown,,,,,,,,,,,,,,,,,,,,,,,,,,,,,,,,88.0,13,,,2026.0,2030.0,442,279,0,163
4871498,203403701,Cabinet,,750ml,USD,1,20.12,25.0,25.0,USD,Costco,3/15/2025,,2019,Clos de Napa Cellars Pinot Noir,"USA, California, Napa Valley",USA,California,Napa Valley,Napa Valley,Clos de Napa Cellars,Clos de Napa Cellars,Red,Red,Dry,Pinot Noir,Pinot Noir,Unknown,Unknown,,,,,,,,,,,,,,,,,,,,,,,,,,,,,,,,87.5,2,,,2025.0,2027.0,72,42,0,30
4618107,195274117,Cabinet,,750ml,USD,1,24.043,19.99,19.99,USD,Costco,8/31/2024,,2021,Cortonesi Rosso di Montalcino La Mannella,"Italy, Tuscany, Montalcino, Rosso di Montalcino",Italy,Tuscany,Montalcino,Rosso di Montalcino,Cortonesi,Cortonesi,Red,Red,Dry,Sangiovese,Sangiovese,La Mannella,Unknown,,,,,,,,,,,,,,,,,,,,,,,,,,,,,,,,87.5,2,,,2024.0,2028.0,57,25,0,32
4279865,196186955,Cabinet,,750ml,USD,1,8.0528,9.0,9.0,USD,Costco,9/27/2024,,2017,Faustino Rivero Ulecia Rioja Reserva,"Spain, La Rioja, Rioja",Spain,La Rioja,Unknown,Rioja,Faustino Rivero Ulecia,Faustino Rivero Ulecia,Red,Red,Dry,Tempranillo Blend,Tempranillo,Reserva,Unknown,,,,,,,,,,,,,,,,,,,,,,,,,,,,,,,,89.6666666666667,3,,,2023.0,2028.0,54,20,0,34
5388447,207273300,Cabinet,,750ml,USD,1,9.807,20.0,20.0,USD,Costco,6/20/2025,,2019,Finca Manzanos Rioja Castillo de Logrono Winemaker's Selection,"Spain, La Rioja, Rioja",Spain,La Rioja,Unknown,Rioja,Finca Manzanos,Finca Manzanos,Red,Red,Dry,Tempranillo Blend,Tempranillo,Castillo de Logrono Winemaker's Selection,Unknown,,,,,,,,,,,,,,,,,,,,,,,,,,,,,,,,86.25,5,,,2024.0,2028.0,155,88,0,67
4836618,204910210,Cabinet,,750ml,USD,1,12.1447,20.0,20.0,USD,Costco,4/21/2025,,2021,Bodegas Luis Gurpegui Muga Rioja 147 Aniversario Rioja,"Spain, La Rioja, Rioja",Spain,La Rioja,Unknown,Rioja,Bodegas Luis Gurpegui Muga,"Gurpegui Muga, Bodegas Luis ",Red,Red,Dry,Tempranillo,Tempranillo,147 Aniversario Rioja,Unknown,,,,,,,,,,,,,,,,,,,,,,,,,,,,,,,,88.5365853658537,45,,,2024.0,2031.0,1457,757,0,700
4836618,206538556,Cabinet,,750ml,USD,1,12.1447,0.0,0.0,USD,Unknown,5/31/2025,,2021,Bodegas Luis Gurpegui Muga Rioja 147 Aniversario Rioja,"Spain, La Rioja, Rioja",Spain,La Rioja,Unknown,Rioja,Bodegas Luis Gurpegui Muga,"Gurpegui Muga, Bodegas Luis ",Red,Red,Dry,Tempranillo,Tempranillo,147 Aniversario Rioja,Unknown,,,,,,,,,,,,,,,,,,,,,,,,,,,,,,,,88.5365853658537,45,,,2024.0,2031.0,1457,757,0,700
4836618,205241732,Cabinet,,750ml,USD,1,12.1447,20.0,20.0,USD,Costco,4/29/2025,,2021,Bodegas Luis Gurpegui Muga Rioja 147 Aniversario Rioja,"Spain, La Rioja, Rioja",Spain,La Rioja,Unknown,Rioja,Bodegas Luis Gurpegui Muga,"Gurpegui Muga, Bodegas Luis ",Red,Red,Dry,Tempranillo,Tempranillo,147 Aniversario Rioja,Unknown,,,,,,,,,,,,,,,,,,,,,,,,,,,,,,,,88.5365853658537,45,,,2024.0,2031.0,1457,757,0,700
4836618,205241733,Cabinet,,750ml,USD,1,12.1447,20.0,20.0,USD,Costco,4/29/2025,,2021,Bodegas Luis Gurpegui Muga Rioja 147 Aniversario Rioja,"Spain, La Rioja, Rioja",Spain,La Rioja,Unknown,Rioja,Bodegas Luis Gurpegui Muga,"Gurpegui Muga, Bodegas Luis ",Red,Red,Dry,Tempranillo,Tempranillo,147 Aniversario Rioja,Unknown,,,,,,,,,,,,,,,,,,,,,,,,,,,,,,,,88.5365853658537,45,,,2024.0,2031.0,1457,757,0,700
4453068,204749184,Cabinet,,750ml,USD,1,15.32,15.0,15.0,USD,Costco,4/17/2025,,2021,Handpicked Shiraz 81 Regional Selections McLaren Vale,"Australia, South Australia, Fleurieu, McLaren Vale",Australia,South Australia,Fleurieu,McLaren Vale,Handpicked,Handpicked,Red,Red,Dry,Shiraz,Syrah,81 Regional Selections,Unknown,,,,,,,,,,,,,,,,,,,,,,,,,,,,,,,,87.8,5,,,2023.0,2026.0,72,21,0,51
4149624,204749168,Cabinet,,750ml,USD,1,14.9078,14.0,14.0,USD,Costco,4/17/2025,,2018,Kauzo Malbec Terroir Expressions Hostage La Consulta,"Argentina, Mendoza, Valle de Uco, La Consulta",Argentina,Mendoza,Valle de Uco,La Consulta,Kauzo,Kauzo,Red,Red,Dry,Malbec,Malbec,Terroir Expressions Hostage,Unknown,,,,,,,,,,,,,,,,,,,,,,,,,,,,,,,,88.2,10,,,2020.0,2025.0,104,56,0,48
5019722,206793909,Cabinet,,750ml,USD,1,20.1914,20.0,20.0,USD,Costco,6/7/2025,,2021,Kirkland Signature Barolo,"Italy, Piedmont, Langhe, Barolo",Italy,Piedmont,Langhe,Barolo,Kirkland Signature,Kirkland Signature,Red,Red,Dry,Nebbiolo,Nebbiolo,Unknown,Unknown,,,,,,,,,,,,,,,,,,,,,,,,,,,,,,,,87.2,44,,,2027.0,2032.0,1574,1131,1,442
5175912,199331071,Cabinet,,750ml,USD,1,20.8264,20.0,20.0,USD,Costco,12/6/2024,,2022,Kirkland Signature Cabernet Sauvignon Signature Series Rutherford,"USA, California, Napa Valley, Rutherford",USA,California,Napa Valley,Rutherford,Kirkland Signature,Kirkland Signature,Red,Red,Dry,Cabernet Sauvignon,Cabernet Sauvignon,Signature Series,Unknown,,,,,,,,,,,,,,,,,,,,,,,,,,,,,,,,88.3846153846154,13,,,2026.0,2030.0,413,304,0,109
4764445,194648931,Cabinet,,750ml,USD,1,19.3661,0.0,0.0,USD,Unknown,8/11/2024,,2021,Kirkland Signature Cabernet Sauvignon Signature Series Suscol Napa Valley,"USA, California, Napa Valley",USA,California,Napa Valley,Napa Valley,Kirkland Signature,Kirkland Signature,Red,Red,Dry,Cabernet Sauvignon,Cabernet Sauvignon,Signature Series,Suscol,,,,,,,,,,,,,,,,,,,,,,,,,,,,,,,,88.0,47,,,2024.0,2030.0,816,399,0,417
5159126,197657375,Cabinet,,750ml,USD,1,16.2186,14.0,14.0,USD,Costco,11/2/2024,,2022,Kirkland Signature Gigondas,"France, Rhône, Southern Rhône, Gigondas",France,Rhône,Southern Rhône,Gigondas,Kirkland Signature,Kirkland Signature,Red,Red,Dry,Red Rhone Blend,Red Rhone Blend,Unknown,Unknown,,,,,,,,,,,,,,,,,,,,,,,,,,,,,,,,88.7066666666667,82,,,2024.0,2028.0,1838,1007,0,831
5313495,205241686,Cabinet,,750ml,USD,1,9.3774,9.0,9.0,USD,Costco,4/29/2025,,2023,Kirkland Signature Pinot Noir Carneros,"USA, California, Napa / Sonoma, Carneros",USA,California,Napa / Sonoma,Carneros,Kirkland Signature,Kirkland Signature,Red,Red,Dry,Pinot Noir,Pinot Noir,Unknown,Unknown,,,,,,,,,,,,,,,,,,,,,,,,,,,,,,,,86.7083333333333,25,87.0,1.0,2025.0,2027.0,472,192,0,280
5313495,207020984,Cabinet,,750ml,USD,1,9.3774,9.0,9.0,USD,Costco,6/13/2025,,2023,Kirkland Signature Pinot Noir Carneros,"USA, California, Napa / Sonoma, Carneros",USA,California,Napa / Sonoma,Carneros,Kirkland Signature,Kirkland Signature,Red,Red,Dry,Pinot Noir,Pinot Noir,Unknown,Unknown,,,,,,,,,,,,,,,,,,,,,,,,,,,,,,,,86.7083333333333,25,87.0,1.0,2025.0,2027.0,472,192,0,280
5254036,207396665,Cabinet,,750ml,USD,1,11.9461,0.0,0.0,USD,Unknown,6/23/2025,,2022,Kirkland Signature Pinot Noir Willamette Valley,"USA, Oregon, Willamette Valley",USA,Oregon,Willamette Valley,Willamette Valley,Kirkland Signature,Kirkland Signature,Red,Red,Dry,Pinot Noir,Pinot Noir,Unknown,Unknown,,,,,,,,,,,,,,,,,,,,,,,,,,,,,,,,87.0,32,,,2023.0,2027.0,370,165,0,205
5382658,207273247,Cabinet,,750ml,USD,1,15.0504,15.0,15.0,USD,Costco,6/20/2025,,2023,Kirkland Signature Red Wine Columbia Valley,"USA, Washington, Columbia Valley",USA,Washington,Columbia Valley,Columbia Valley,Kirkland Signature,Kirkland Signature,Red,Red,Dry,Red Bordeaux Blend,Red Bordeaux Blend,Red Wine,Unknown,,,,,,,,,,,,,,,,,,,,,,,,,,,,,,,,85.6,6,,,2026.0,2029.0,378,216,0,162
5022399,199331050,Cabinet,,750ml,USD,1,13.05,13.0,13.0,USD,Costco,12/6/2024,,2020,Leza Garcia Rioja Tinto Familia Crianza,"Spain, La Rioja, Rioja",Spain,La Rioja,Unknown,Rioja,Leza Garcia,Leza Garcia,Red,Red,Dry,Tempranillo Blend,Tempranillo,Tinto Familia Crianza,Unknown,,,,,,,,,,,,,,,,,,,,,,,,,,,,,,,,87.5,2,,,2024.0,2026.0,56,25,0,31
4680082,204582134,Cabinet,,750ml,USD,1,13.347,13.0,13.0,USD,Costco,4/13/2025,,2021,Masseria Tagaro Cinquenoci,"Italy, Puglia, Valle d'Itria IGT",Italy,Puglia,Unknown,Valle d'Itria IGT,Masseria Tagaro,Masseria Tagaro,Red,Red,Dry,Primitivo,Zinfandel,Cinquenoci,Unknown,,,,,,,,,,,,,,,,,,,,,,,,,,,,,,,,86.8333333333333,7,,,2023.0,2028.0,171,106,0,65
5146639,200004516,Cabinet,,750ml,USD,1,15.4966,15.0,15.0,USD,Costco,12/20/2024,,2020,Monnalisa Montepulciano d'Abruzzo,"Italy, Abruzzi, Montepulciano d'Abruzzo",Italy,Abruzzi,Unknown,Montepulciano d'Abruzzo,Monnalisa,Monnalisa,Red,Red,Dry,Montepulciano,Montepulciano,Unknown,Unknown,,,,,,,,,,,,,,,,,,,,,,,,,,,,,,,,85.0,1,,,2023.0,2024.0,12,3,0,9
4876886,203403745,Cabinet,,750ml,USD,1,20.0167,22.0,22.0,USD,Costco,3/15/2025,,2021,Bodega Numanthia Toro Termes,"Spain, Castilla y León, Toro",Spain,Castilla y León,Unknown,Toro,Bodega Numanthia,"Numanthia, Bodega ",Red,Red,Dry,Tinta de Toro,Tempranillo,Termes,Unknown,,,,,,,,,,,,,,,,,,,,,,,,,,,,,,,,89.2222222222222,9,,,2026.0,2033.0,234,156,0,78
4499923,195274021,Cabinet,,750ml,USD,1,17.8106,19.99,19.99,USD,Costco,8/31/2024,,2016,Bodegas Olarra Rioja Clásico Gran Reserva,"Spain, La Rioja, Rioja",Spain,La Rioja,Unknown,Rioja,Bodegas Olarra,"Olarra, Bodegas ",Red,Red,Dry,Tempranillo Blend,Tempranillo,Clásico Gran Reserva,Unknown,,,,,,,,,,,,,,,,,,,,,,,,,,,,,,,,89.0,17,,,2024.0,2028.0,492,250,1,241
5037789,203403678,Cabinet,,750ml,USD,1,17.0542,13.0,13.0,USD,Costco,3/15/2025,,2019,Bodegas Olarra Tinta del Pais Ribera del Duero Altos de Valdoso Roble,"Spain, Castilla y León, Ribera del Duero",Spain,Castilla y León,Unknown,Ribera del Duero,Bodegas Olarra,"Olarra, Bodegas ",Red,Red,Dry,Tinta del Pais,Tempranillo,Altos de Valdoso Roble,Unknown,,,,,,,,,,,,,,,,,,,,,,,,,,,,,,,,89.3333333333333,3,,,2028.0,2033.0,27,19,0,8
4503660,194649223,Cabinet,,750ml,USD,1,15.0446,0.0,0.0,USD,Unknown,8/11/2024,,2020,Pier Paolo Grasso Langhe Nebbiolo Riva,"Italy, Piedmont, Langhe, Langhe DOC",Italy,Piedmont,Langhe,Langhe DOC,Pier Paolo Grasso,Pier Paolo Grasso,Red,Red,Dry,Nebbiolo,Nebbiolo,Riva,Unknown,,,,,,,,,,,,,,,,,,,,,,,,,,,,,,,,89.25,4,,,2026.0,,61,22,0,39
4948535,202339653,Cabinet,,750ml,USD,1,19.9437,20.0,20.0,USD,Costco,2/17/2025,,2021,Quinta do Portal Douro Reserva,"Portugal, Douro",Portugal,Douro,Unknown,Douro,Quinta do Portal,Quinta do Portal,Red,Red,Dry,Red Blend,Red Blend,Reserva,Unknown,,,,,,,,,,,,,,,,,,,,,,,,,,,,,,,,91.5,2,,,2025.0,2030.0,34,15,0,19
4658720,201541723,Cabinet,,750ml,USD,1,20.3391,19.0,19.0,USD,Costco,1/27/2025,,2022,Schug Pinot Noir Sonoma Coast,"USA, California, Sonoma County, Sonoma Coast",USA,California,Sonoma County,Sonoma Coast,Schug,Schug,Red,Red,Dry,Pinot Noir,Pinot Noir,Unknown,Unknown,,,,,,,,,,,,,,,,,,,,,,,,,,,,,,,,87.1666666666667,9,,,2024.0,2027.0,301,109,0,192
4622426,206793818,Cabinet,,750ml,USD,1,24.9495,18.0,18.0,USD,Costco,6/7/2025,,2021,Scott Family Estate Pinot Noir Dijon Clone,"USA, California, Central Coast, Arroyo Seco",USA,California,Central Coast,Arroyo Seco,Scott Family Estate,Scott Family Estate,Red,Red,Dry,Pinot Noir,Pinot Noir,Dijon Clone,Unknown,,,,,,,,,,,,,,,,,,,,,,,,,,,,,,,,87.6666666666667,7,,,2024.0,2027.0,49,18,0,31
4774684,197459604,Cabinet,,750ml,USD,1,26.4151,22.0,22.0,USD,Costco,10/29/2024,,2021,SLO Down Wines Sexual Chocolate,"USA, California, Napa Valley",USA,California,Napa Valley,Napa Valley,SLO Down Wines,SLO Down Wines,Red,Red,Dry,Red Blend,Red Blend,Sexual Chocolate,Unknown,,,,,,,,,,,,,,,,,,,,,,,,,,,,,,,,88.0,12,,,2023.0,2026.0,209,114,0,95
4079171,200004613,Cabinet,,750ml,USD,1,19.8423,20.0,20.0,USD,Costco,12/20/2024,,2018,Tenute Girolamo Conte Giangirolamo Puglia IGT,"Italy, Puglia, Puglia IGT",Italy,Puglia,Unknown,Puglia IGT,Tenute Girolamo,Tenute Girolamo,Red,Red,Dry,Red Blend,Red Blend,Unknown,Conte Giangirolamo,,,,,,,,,,,,,,,,,,,,,,,,,,,,,,,,88.4166666666667,13,,,2024.0,2030.0,325,198,1,126
4619332,207020978,Cabinet,,750ml,USD,1,7.27,7.0,7.0,USD,Costco,6/13/2025,,2020,Château Thomas Francs Côtes de Bordeaux,"France, Bordeaux, Libournais, Francs Côtes de Bordeaux",France,Bordeaux,Libournais,Francs Côtes de Bordeaux,Château Thomas,"Thomas, Château ",Red,Red,Dry,Red Bordeaux Blend,Red Bordeaux Blend,Unknown,Unknown,,,,,,,,,,,,,,,,,,,,,,,,,,,,,,,,86.8333333333333,6,,,2024.0,2029.0,109,82,0,27
4225679,205927891,Cabinet,,750ml,USD,1,11.69,20.0,20.0,USD,Costco,5/16/2025,,2021,Two Hands Shiraz Gnarly Dudes,"Australia, South Australia, Barossa, Barossa Valley",Australia,South Australia,Barossa,Barossa Valley,Two Hands,Two Hands,Red,Red,Dry,Shiraz,Syrah,Gnarly Dudes,Unknown,,,,,,,,,,,,,,,,,,,,,,,,,,,,,,,,86.7058823529412,18,,,2024.0,2029.0,465,205,0,260
4370446,195274177,Cabinet,,750ml,USD,1,20.4344,13.99,13.99,USD,Costco,8/31/2024,,2019,Tenuta Valleselle (Tinazzi) Ripasso della Valpolicella Superiore Rovertondo,"Italy, Veneto, Valpolicella, Ripasso della Valpolicella Superiore",Italy,Veneto,Valpolicella,Ripasso della Valpolicella Superiore,Tenuta Valleselle (Tinazzi),"Valleselle (Tinazzi), Tenuta ",Red,Red,Dry,Corvina Blend,Corvina,Rovertondo,Unknown,,,,,,,,,,,,,,,,,,,,,,,,,,,,,,,,89.0,22,,,2023.0,2027.0,405,197,0,208
5217601,207396680,Cabinet,,750ml,USD,1,15.6814,0.0,0.0,USD,Unknown,6/23/2025,,2022,Tenuta Valleselle (Tinazzi) Ripasso della Valpolicella Superiore Rovertondo,"Italy, Veneto, Valpolicella, Ripasso della Valpolicella Superiore",Italy,Veneto,Valpolicella,Ripasso della Valpolicella Superiore,Tenuta Valleselle (Tinazzi),"Valleselle (Tinazzi), Tenuta ",Red,Red,Dry,Corvina Blend,Corvina,Rovertondo,Unknown,,,,,,,,,,,,,,,,,,,,,,,,,,,,,,,,87.0,3,,,2025.0,2029.0,69,39,0,30
5090647,196187056,Cabinet,,750ml,USD,1,12.9966,15.0,15.0,USD,Costco,9/27/2024,,2019,Viña Ravanal Cabernet Sauvignon,"Chile, Rapel Valley, Colchagua Valley",Chile,Rapel Valley,Colchagua Valley,Unknown,Viña Ravanal,Viña Ravanal,Red,Red,Dry,Cabernet Sauvignon,Cabernet Sauvignon,Unknown,Unknown,,,,,,,,,,,,,,,,,,,,,,,,,,,,,,,,76.0,1,,,2023.0,2026.0,9,5,0,4
3773544,208028816,Cellar,,750ml,USD,1,17.6667,0.0,0.0,USD,Unknown,7/11/2025,,2019,Château Bouscassé Madiran,"France, Southwest France, Madiran",France,Southwest France,Unknown,Madiran,Château Bouscassé,"Bouscassé, Château ",Red,Red,Dry,Tannat Blend,Tannat,Unknown,Unknown,,,,,,,,,,,,,,,,,,,,,,,,,,,,,,,,88.3333333333333,35,,,2025.0,2032.0,1000,741,42,217
4997663,210695922,Cellar,,750ml,USD,1,15.0014,6.97,6.97,USD,Costco,9/20/2025,,2019,Château Bouscassé Pacherenc du Vic-Bilh Sec Les Jardins Philosophiques,"France, Southwest France, Pacherenc du Vic-Bilh Sec",France,Southwest France,Unknown,Pacherenc du Vic-Bilh Sec,Château Bouscassé,"Bouscassé, Château ",White,White,Dry,Petit Courbu,Petit Courbu,Les Jardins Philosophiques,Unknown,,,,,,,,,,,,,,,,,,,,,,,,,,,,,,,,,0,,,2023.0,2027.0,39,22,0,17
4997663,210695923,Cellar,,750ml,USD,1,15.0014,6.97,6.97,USD,Costco,9/20/2025,,2019,Château Bouscassé Pacherenc du Vic-Bilh Sec Les Jardins Philosophiques,"France, Southwest France, Pacherenc du Vic-Bilh Sec",France,Southwest France,Unknown,Pacherenc du Vic-Bilh Sec,Château Bouscassé,"Bouscassé, Château ",White,White,Dry,Petit Courbu,Petit Courbu,Les Jardins Philosophiques,Unknown,,,,,,,,,,,,,,,,,,,,,,,,,,,,,,,,,0,,,2023.0,2027.0,39,22,0,17
4997663,210695924,Cellar,,750ml,USD,1,15.0014,6.97,6.97,USD,Costco,9/20/2025,,2019,Château Bouscassé Pacherenc du Vic-Bilh Sec Les Jardins Philosophiques,"France, Southwest France, Pacherenc du Vic-Bilh Sec",France,Southwest France,Unknown,Pacherenc du Vic-Bilh Sec,Château Bouscassé,"Bouscassé, Château ",White,White,Dry,Petit Courbu,Petit Courbu,Les Jardins Philosophiques,Unknown,,,,,,,,,,,,,,,,,,,,,,,,,,,,,,,,,0,,,2023.0,2027.0,39,22,0,17
3968478,206236585,Cellar,,750ml,USD,1,27.1471,28.0,28.0,USD,Costco,5/24/2025,,2020,Château Cantemerle,"France, Bordeaux, Médoc, Haut-Médoc",France,Bordeaux,Médoc,Haut-Médoc,Château Cantemerle,"Cantemerle, Château ",Red,Red,Dry,Red Bordeaux Blend,Red Bordeaux Blend,Unknown,Unknown,,,,,,,,,,,,,,,,,,,,,,,,,,,,,,,,91.2857142857143,63,,,2026.0,2039.0,4241,3657,248,336
5414693,209493069,Cellar,,750ml,USD,1,15.3525,15.0,15.0,USD,Costco,8/17/2025,,2022,Cantine Povero Langhe Nebbiolo,"Italy, Piedmont, Langhe, Langhe DOC",Italy,Piedmont,Langhe,Langhe DOC,Cantine Povero,Cantine Povero,Red,Red,Dry,Nebbiolo,Nebbiolo,Unknown,Unknown,,,,,,,,,,,,,,,,,,,,,,,,,,,,,,,,88.0,2,,,2026.0,2028.0,33,18,0,15
4466719,198336761,Cellar,,1.5L,USD,1,125.5416,135.0,135.0,USD,Winery Direct,11/16/2024,,2018,Domaine Carneros Blanc de Blancs,"USA, California, Napa / Sonoma, Carneros",USA,California,Napa / Sonoma,Carneros,Domaine Carneros,"Carneros, Domaine ",White - Sparkling,White,Sparkling,Chardonnay,Chardonnay,Blanc de Blancs,Unknown,,,,,,,,,,,,,,,,,,,,,,,,,,,,,,,,91.625,8,,,2023.0,2028.0,689,341,12,336
5245462,209094840,Cellar,,750ml,USD,1,54.1083,60.0,60.0,USD,Winery Direct,8/9/2025,,2019,Domaine Carneros Brut Late Disgorged,"USA, California, Napa / Sonoma, Carneros",USA,California,Napa / Sonoma,Carneros,Domaine Carneros,"Carneros, Domaine ",White - Sparkling,White,Sparkling,Champagne Blend,Champagne Blend,Brut Late Disgorged,Unknown,,,,,,,,,,,,,,,,,,,,,,,,,,,,,,,,87.0,2,,,2025.0,2029.0,388,311,2,75
5245462,213383932,Cellar,,1.5L,USD,1,123.2234,130.0,130.0,USD,Winery Direct,11/18/2025,,2019,Domaine Carneros Brut Late Disgorged,"USA, California, Napa / Sonoma, Carneros",USA,California,Napa / Sonoma,Carneros,Domaine Carneros,"Carneros, Domaine ",White - Sparkling,White,Sparkling,Champagne Blend,Champagne Blend,Brut Late Disgorged,Unknown,,,,,,,,,,,,,,,,,,,,,,,,,,,,,,,,87.0,2,,,2025.0,2029.0,388,311,2,75
5068690,196074210,Cellar,,750ml,USD,1,120.3,125.0,125.0,USD,Winery Direct,9/24/2024,,2017,Domaine Carneros Le Reve Blanc de Blanc,"USA, California, Napa / Sonoma, Carneros",USA,California,Napa / Sonoma,Carneros,Domaine Carneros,"Carneros, Domaine ",White - Sparkling,White,Sparkling,Chardonnay,Chardonnay,Le Reve Blanc de Blanc,Unknown,,,,,,,,,,,,,,,,,,,,,,,,,,,,,,,,90.0,2,,,2023.0,2031.0,221,167,0,54
5513766,212197432,Cellar,,750ml,USD,1,117.7823,128.0,128.0,USD,Winery Direct,10/26/2025,,2018,Domaine Carneros Le Reve Blanc de Blanc,"USA, California, Napa / Sonoma, Carneros",USA,California,Napa / Sonoma,Carneros,Domaine Carneros,"Carneros, Domaine ",White - Sparkling,White,Sparkling,Chardonnay,Chardonnay,Le Reve Blanc de Blanc,Unknown,,,,,,,,,,,,,,,,,,,,,,,,,,,,,,,,92.0,1,,,2024.0,2032.0,67,57,3,7
5182513,207396789,Cellar,,750ml,USD,1,56.3357,0.0,0.0,USD,Unknown,6/23/2025,,2023,Domaine Carneros Pinot Noir Pommard Clone,"USA, California, Napa / Sonoma, Carneros",USA,California,Napa / Sonoma,Carneros,Domaine Carneros,"Carneros, Domaine ",Red,Red,Dry,Pinot Noir,Pinot Noir,Pommard Clone,Unknown,,,,,,,,,,,,,,,,,,,,,,,,,,,,,,,,,0,,,2024.0,2032.0,103,78,0,25
5465549,209094878,Cellar,,750ml,USD,1,55.0026,59.0,59.0,USD,Winery Direct,8/9/2025,,2023,Domaine Carneros Pinot Noir Tula Vista,"USA, California, Napa / Sonoma, Carneros",USA,California,Napa / Sonoma,Carneros,Domaine Carneros,"Carneros, Domaine ",Red,Red,Dry,Pinot Noir,Pinot Noir,Unknown,Tula Vista,,,,,,,,,,,,,,,,,,,,,,,,,,,,,,,,90.0,1,,,2026.0,2030.0,95,79,0,16
5015887,194650002,Cellar,,750ml,USD,1,37.1222,42.0,42.0,USD,Winery Direct,8/11/2024,,2020,Domaine Carneros Vermeil Demi Sec,"USA, California, Napa / Sonoma, Carneros",USA,California,Napa / Sonoma,Carneros,Domaine Carneros,"Carneros, Domaine ",White - Sparkling,White,Sparkling,Champagne Blend,Champagne Blend,Vermeil Demi Sec,Unknown,,,,,,,,,,,,,,,,,,,,,,,,,,,,,,,,90.0,1,,,2025.0,2029.0,67,45,0,22
5393439,206236841,Cellar,,750ml,USD,1,19.1387,20.0,20.0,USD,Costco,5/24/2025,,2023,Casa E. di Mirafiore Barbera d'Alba Superiore,"Italy, Piedmont, Alba, Barbera d'Alba Superiore",Italy,Piedmont,Alba,Barbera d'Alba Superiore,Casa E. di Mirafiore,Casa E. di Mirafiore,Red,Red,Dry,Barbera,Barbera,Unknown,Unknown,,,,,,,,,,,,,,,,,,,,,,,,,,,,,,,,,0,,,2026.0,2030.0,7,5,0,2
4967402,215923207,Cellar,,750ml,USD,1,8.4219,14.0,14.0,USD,Costco,1/12/2026,,2021,Consulvinus Spyland,Portugal,Portugal,Portugal,Unknown,Unknown,Consulvinus,Consulvinus,Red,Red,Dry,Red Blend,Red Blend,Spyland,Unknown,,,,,,,,,,,,,,,,,,,,,,,,,,,,,,,,85.8333333333333,7,,,2025.0,2025.0,114,52,0,62
4736717,215923264,Cellar,,750ml,USD,1,33.7237,25.0,25.0,USD,Costco,1/12/2026,,2021,Daou Vineyards The Bodyguard,"USA, California, Central Coast, Paso Robles",USA,California,Central Coast,Paso Robles,Daou Vineyards,Daou Vineyards,Red,Red,Dry,Red Blend,Red Blend,The Bodyguard,Unknown,,,,,,,,,,,,,,,,,,,,,,,,,,,,,,,,92.125,10,,,2025.0,2029.0,468,255,0,213
5049324,210695867,Cellar,,750ml,USD,1,11.5008,4.97,4.97,USD,Costco,9/20/2025,,2019,Ego Bodegas Jumilla El Gorú Gold - Mad Hairy Fella,"Spain, Murcia, Jumilla",Spain,Murcia,Unknown,Jumilla,Ego Bodegas,Ego Bodegas,Red,Red,Dry,Red Blend,Red Blend,El Gorú Gold - Mad Hairy Fella,Unknown,,,,,,,,,,,,,,,,,,,,,,,,,,,,,,,,90.0,4,,,2024.0,2029.0,125,63,0,62
5049324,210695868,Cellar,,750ml,USD,1,11.5008,4.97,4.97,USD,Costco,9/20/2025,,2019,Ego Bodegas Jumilla El Gorú Gold - Mad Hairy Fella,"Spain, Murcia, Jumilla",Spain,Murcia,Unknown,Jumilla,Ego Bodegas,Ego Bodegas,Red,Red,Dry,Red Blend,Red Blend,El Gorú Gold - Mad Hairy Fella,Unknown,,,,,,,,,,,,,,,,,,,,,,,,,,,,,,,,90.0,4,,,2024.0,2029.0,125,63,0,62
5049324,209493130,Cellar,,750ml,USD,1,11.5008,10.0,10.0,USD,Costco,8/17/2025,,2019,Ego Bodegas Jumilla El Gorú Gold - Mad Hairy Fella,"Spain, Murcia, Jumilla",Spain,Murcia,Unknown,Jumilla,Ego Bodegas,Ego Bodegas,Red,Red,Dry,Red Blend,Red Blend,El Gorú Gold - Mad Hairy Fella,Unknown,,,,,,,,,,,,,,,,,,,,,,,,,,,,,,,,90.0,4,,,2024.0,2029.0,125,63,0,62
5121353,207396689,Cellar,,750ml,USD,1,9.2899,0.0,0.0,USD,Unknown,6/23/2025,,2019,Viña Eguía Rioja Kirkland Rioja Reserva,"Spain, La Rioja, Rioja",Spain,La Rioja,Unknown,Rioja,Viña Eguía,"Eguía, Viña ",Red,Red,Dry,Tempranillo,Tempranillo,Kirkland Rioja Reserva,Unknown,,,,,,,,,,,,,,,,,,,,,,,,,,,,,,,,,0,,,2025.0,2027.0,6,5,0,1
4510614,212197295,Cellar,,750ml,USD,1,5.2468,5.0,5.0,USD,Costco,10/25/2025,,2021,Bodegas Esteban Martin Garnacha Syrah,"Spain, Aragón, Cariñena",Spain,Aragón,Unknown,Cariñena,Bodegas Esteban Martin,"Esteban Martin, Bodegas ",Red,Red,Dry,Red Rhone Blend,Red Rhone Blend,Garnacha Syrah,Unknown,,,,,,,,,,,,,,,,,,,,,,,,,,,,,,,,87.1147540983606,63,,,2023.0,2026.0,1542,654,0,888
5418091,210884701,Cellar,,750ml,USD,1,7.995,5.0,5.0,USD,Costco,9/24/2025,,2024,Louis Fabre Côtes de Provence Rosé,"France, Provence, Côtes de Provence",France,Provence,Unknown,Côtes de Provence,Louis Fabre,"Fabre, Louis ",Rosé,Rosé,Dry,Rosé Blend,Rosé Blend,Rosé,Unknown,,,,,,,,,,,,,,,,,,,,,,,,,,,,,,,,,0,,,2025.0,2026.0,17,8,0,9
5418091,210884702,Cellar,,750ml,USD,1,7.995,5.0,5.0,USD,Costco,9/24/2025,,2024,Louis Fabre Côtes de Provence Rosé,"France, Provence, Côtes de Provence",France,Provence,Unknown,Côtes de Provence,Louis Fabre,"Fabre, Louis ",Rosé,Rosé,Dry,Rosé Blend,Rosé Blend,Rosé,Unknown,,,,,,,,,,,,,,,,,,,,,,,,,,,,,,,,,0,,,2025.0,2026.0,17,8,0,9
5418091,210884703,Cellar,,750ml,USD,1,7.995,5.0,5.0,USD,Costco,9/24/2025,,2024,Louis Fabre Côtes de Provence Rosé,"France, Provence, Côtes de Provence",France,Provence,Unknown,Côtes de Provence,Louis Fabre,"Fabre, Louis ",Rosé,Rosé,Dry,Rosé Blend,Rosé Blend,Rosé,Unknown,,,,,,,,,,,,,,,,,,,,,,,,,,,,,,,,,0,,,2025.0,2026.0,17,8,0,9
5458447,208835356,Cellar,,750ml,USD,1,15.2087,13.0,13.0,USD,Costco,8/2/2025,,2023,Gabrielle Ashley Cabernet Sauvignon,"USA, California, Sonoma County, Alexander Valley",USA,California,Sonoma County,Alexander Valley,Gabrielle Ashley,Gabrielle Ashley,Red,Red,Dry,Cabernet Sauvignon,Cabernet Sauvignon,Unknown,Unknown,,,,,,,,,,,,,,,,,,,,,,,,,,,,,,,,90.0,1,,,2025.0,2031.0,56,44,0,12
5388148,210884726,Cellar,,750ml,USD,1,7.25,4.0,4.0,USD,Costco,9/24/2025,,2022,Gen5 Pinot Noir,"USA, California, Central Valley, Lodi",USA,California,Central Valley,Lodi,Gen5,Gen5,Red,Red,Dry,Pinot Noir,Pinot Noir,Unknown,Unknown,,,,,,,,,,,,,,,,,,,,,,,,,,,,,,,,86.0,3,,,,,51,19,0,32
4688410,210164663,Cellar,,750ml,USD,1,15.3512,14.0,14.0,USD,Costco,9/7/2025,,2021,Headline Pinot Noir,"USA, California, Sonoma County, Sonoma Coast",USA,California,Sonoma County,Sonoma Coast,Headline,Headline,Red,Red,Dry,Pinot Noir,Pinot Noir,Unknown,Unknown,,,,,,,,,,,,,,,,,,,,,,,,,,,,,,,,89.25,4,,,2024.0,2026.0,81,32,0,49
5093902,210696045,Cellar,,750ml,USD,1,20.4433,19.99,19.99,USD,Costco,9/20/2025,,1001,Joto Yuzu,"Japan, Ch&#363;goku, Yamaguchi",Japan,Ch&#363;goku,Yamaguchi,Unknown,Joto,Joto,Sake,White,Brewed,Rice,Rice,Yuzu,Unknown,,,,,,,,,,,,,,,,,,,,,,,,,,,,,,,,80.0,2,,,2023.0,2025.0,22,17,0,5
5033676,194649213,Cellar,,750ml,USD,1,20.7356,0.0,0.0,USD,Unknown,8/11/2024,,2020,Kirkland Signature Barolo,"Italy, Piedmont, Langhe, Barolo",Italy,Piedmont,Langhe,Barolo,Kirkland Signature,Kirkland Signature,Red,Red,Dry,Nebbiolo,Nebbiolo,Unknown,Unknown,,,,,,,,,,,,,,,,,,,,,,,,,,,,,,,,88.3392857142857,62,,,2025.0,2031.0,1769,1037,0,732
5019722,212197331,Cellar,,750ml,USD,1,20.1914,20.0,20.0,USD,Costco,10/25/2025,,2021,Kirkland Signature Barolo,"Italy, Piedmont, Langhe, Barolo",Italy,Piedmont,Langhe,Barolo,Kirkland Signature,Kirkland Signature,Red,Red,Dry,Nebbiolo,Nebbiolo,Unknown,Unknown,,,,,,,,,,,,,,,,,,,,,,,,,,,,,,,,87.2,44,,,2027.0,2032.0,1574,1131,1,442
5112462,196431055,Cellar,,750ml,USD,1,21.641,20.0,20.0,USD,Costco,10/3/2024,,2019,Kirkland Signature Brunello di Montalcino,"Italy, Tuscany, Montalcino, Brunello di Montalcino",Italy,Tuscany,Montalcino,Brunello di Montalcino,Kirkland Signature,Kirkland Signature,Red,Red,Dry,Sangiovese,Sangiovese,Unknown,Unknown,,,,,,,,,,,,,,,,,,,,,,,,,,,,,,,,90.2352941176471,36,,,2025.0,2030.0,808,485,0,323
5200686,212587261,Cellar,,750ml,USD,1,22.4245,23.0,23.0,USD,Costco,11/3/2025,,2023,Kirkland Signature Chablis 1er Cru,"France, Burgundy, Chablis, Chablis 1er Cru",France,Burgundy,Chablis,Chablis 1er Cru,Kirkland Signature,Kirkland Signature,White,White,Dry,Chardonnay,Chardonnay,Unknown,Unknown,,,,,,,,,,,,,,,,,,,,,,,,,,,,,,,,87.8823529411765,19,,,2025.0,2028.0,531,424,3,104
5321918,207303487,Cellar,,750ml,USD,1,8.6678,8.0,8.0,USD,Costco,6/21/2025,,2024,Kirkland Signature Côtes de Provence Rosé,"France, Provence, Côtes de Provence",France,Provence,Unknown,Côtes de Provence,Kirkland Signature,Kirkland Signature,Rosé,Rosé,Dry,Rosé Blend,Rosé Blend,Rosé,Unknown,,,,,,,,,,,,,,,,,,,,,,,,,,,,,,,,87.08,29,,,2024.0,2026.0,727,224,0,503
5321918,208028757,Cellar,,750ml,USD,1,8.6678,0.0,0.0,USD,Unknown,7/11/2025,,2024,Kirkland Signature Côtes de Provence Rosé,"France, Provence, Côtes de Provence",France,Provence,Unknown,Côtes de Provence,Kirkland Signature,Kirkland Signature,Rosé,Rosé,Dry,Rosé Blend,Rosé Blend,Rosé,Unknown,,,,,,,,,,,,,,,,,,,,,,,,,,,,,,,,87.08,29,,,2024.0,2026.0,727,224,0,503
5455020,212252418,Cellar,,750ml,USD,1,7.4316,7.5,7.5,USD,Costco,10/27/2025,,2024,Kirkland Signature Côtes du Rhône Villages,"France, Rhône, Southern Rhône, Côtes du Rhône Villages",France,Rhône,Southern Rhône,Côtes du Rhône Villages,Kirkland Signature,Kirkland Signature,Red,Red,Dry,Red Rhone Blend,Red Rhone Blend,Unknown,Unknown,,,,,,,,,,,,,,,,,,,,,,,,,,,,,,,,87.7391304347826,23,,,2025.0,2027.0,802,486,0,316
5455020,212252419,Cellar,,750ml,USD,1,7.4316,7.5,7.5,USD,Costco,10/27/2025,,2024,Kirkland Signature Côtes du Rhône Villages,"France, Rhône, Southern Rhône, Côtes du Rhône Villages",France,Rhône,Southern Rhône,Côtes du Rhône Villages,Kirkland Signature,Kirkland Signature,Red,Red,Dry,Red Rhone Blend,Red Rhone Blend,Unknown,Unknown,,,,,,,,,,,,,,,,,,,,,,,,,,,,,,,,87.7391304347826,23,,,2025.0,2027.0,802,486,0,316
5455020,212252420,Cellar,,750ml,USD,1,7.4316,7.5,7.5,USD,Costco,10/27/2025,,2024,Kirkland Signature Côtes du Rhône Villages,"France, Rhône, Southern Rhône, Côtes du Rhône Villages",France,Rhône,Southern Rhône,Côtes du Rhône Villages,Kirkland Signature,Kirkland Signature,Red,Red,Dry,Red Rhone Blend,Red Rhone Blend,Unknown,Unknown,,,,,,,,,,,,,,,,,,,,,,,,,,,,,,,,87.7391304347826,23,,,2025.0,2027.0,802,486,0,316
5530377,212252494,Cellar,,750ml,USD,1,20.0917,20.0,20.0,USD,Costco,10/27/2025,,2023,Kirkland Signature Margaux,"France, Bordeaux, Médoc, Margaux",France,Bordeaux,Médoc,Margaux,Kirkland Signature,Kirkland Signature,Red,Red,Dry,Red Bordeaux Blend,Red Bordeaux Blend,Unknown,Unknown,,,,,,,,,,,,,,,,,,,,,,,,,,,,,,,,88.8695652173913,24,,,2026.0,2031.0,785,640,4,141
5495151,212197035,Cellar,,750ml,USD,1,11.1631,11.0,11.0,USD,Costco,10/25/2025,,2024,Kirkland Signature Pinot Noir Russian River Valley,"USA, California, Sonoma County, Russian River Valley",USA,California,Sonoma County,Russian River Valley,Kirkland Signature,Kirkland Signature,Red,Red,Dry,Pinot Noir,Pinot Noir,Unknown,Unknown,,,,,,,,,,,,,,,,,,,,,,,,,,,,,,,,84.7777777777778,9,,,2026.0,2028.0,338,200,0,138
5138285,208402559,Cellar,,750ml,USD,1,7.3657,0.0,0.0,USD,Unknown,7/22/2025,,2024,Kirkland Signature Sauvignon Blanc Ti Point,"New Zealand, South Island, Marlborough",New Zealand,South Island,Marlborough,Marlborough,Kirkland Signature,Kirkland Signature,White,White,Dry,Sauvignon Blanc,Sauvignon Blanc,Unknown,Ti Point,,,,,,,,,,,,,,,,,,,,,,,,,,,,,,,,87.3684210526316,78,,,2024.0,2025.0,2135,784,0,1351
5407291,209493001,Cellar,,750ml,USD,1,17.1116,0.0,0.0,USD,Costco,8/17/2025,,2022,Kirkland Signature St. Émilion Grand Cru,"France, Bordeaux, Libournais, St. Émilion Grand Cru",France,Bordeaux,Libournais,St. Émilion Grand Cru,Kirkland Signature,Kirkland Signature,Red,Red,Dry,Red Bordeaux Blend,Red Bordeaux Blend,Unknown,Unknown,,,,,,,,,,,,,,,,,,,,,,,,,,,,,,,,85.925,42,,,2025.0,2031.0,940,626,0,314
5407291,209493002,Cellar,,750ml,USD,1,17.1116,0.0,0.0,USD,Costco,8/17/2025,,2022,Kirkland Signature St. Émilion Grand Cru,"France, Bordeaux, Libournais, St. Émilion Grand Cru",France,Bordeaux,Libournais,St. Émilion Grand Cru,Kirkland Signature,Kirkland Signature,Red,Red,Dry,Red Bordeaux Blend,Red Bordeaux Blend,Unknown,Unknown,,,,,,,,,,,,,,,,,,,,,,,,,,,,,,,,85.925,42,,,2025.0,2031.0,940,626,0,314
5020614,194649234,Cellar,,750ml,USD,1,12.0962,0.0,0.0,USD,Unknown,8/11/2024,,2022,Kirkland Signature Vacqueyras,"France, Rhône, Southern Rhône, Vacqueyras",France,Rhône,Southern Rhône,Vacqueyras,Kirkland Signature,Kirkland Signature,Red,Red,Dry,Red Rhone Blend,Red Rhone Blend,Unknown,Unknown,,,,,,,,,,,,,,,,,,,,,,,,,,,,,,,,89.0340909090909,93,92.0,1.0,2024.0,2026.0,1175,466,0,709
5080659,210695943,Cellar,,750ml,USD,1,15.5519,13.99,13.99,USD,Costco,9/20/2025,,2023,Domaine Maby Tavel Rosé La Forcadière,"France, Rhône, Southern Rhône, Tavel",France,Rhône,Southern Rhône,Tavel,Domaine Maby,"Maby, Domaine ",Rosé,Rosé,Dry,Red Rhone Blend,Red Rhone Blend,Rosé La Forcadière,Unknown,,,,,,,,,,,,,,,,,,,,,,,,,,,,,,,,92.0,2,,,2024.0,2026.0,54,36,0,18
4746476,215923188,Cellar,,750ml,USD,1,8.1905,7.0,7.0,USD,Costco,1/12/2026,,2021,Bodegas Manzanos Cabernet Sauvignon 111,"Spain, Navarra",Spain,Navarra,Unknown,Navarra,Bodegas Manzanos,"Manzanos, Bodegas ",Red,Red,Dry,Cabernet Sauvignon,Cabernet Sauvignon,111,Unknown,,,,,,,,,,,,,,,,,,,,,,,,,,,,,,,,85.0,17,,,2024.0,2026.0,316,174,0,142
4746476,215923189,Cellar,,750ml,USD,1,8.1905,7.0,7.0,USD,Costco,1/12/2026,,2021,Bodegas Manzanos Cabernet Sauvignon 111,"Spain, Navarra",Spain,Navarra,Unknown,Navarra,Bodegas Manzanos,"Manzanos, Bodegas ",Red,Red,Dry,Cabernet Sauvignon,Cabernet Sauvignon,111,Unknown,,,,,,,,,,,,,,,,,,,,,,,,,,,,,,,,85.0,17,,,2024.0,2026.0,316,174,0,142
5155397,210884745,Cellar,,750ml,USD,1,14.7462,5.0,5.0,USD,Costco,9/24/2025,,2022,Matchbook Chardonnay The Arsonist,"USA, California, Central Valley, Dunnigan Hills",USA,California,Central Valley,Dunnigan Hills,Matchbook,Matchbook,White,White,Dry,Chardonnay,Chardonnay,The Arsonist,Unknown,,,,,,,,,,,,,,,,,,,,,,,,,,,,,,,,,0,,,2024.0,2026.0,63,52,0,11
4256581,209492961,Cellar,,750ml,USD,1,6.9078,7.0,7.0,USD,Costco,8/20/2025,,2020,Château Montfollet Vieilles Vignes,"France, Bordeaux, Blaye Côtes de Bordeaux",France,Bordeaux,Unknown,Blaye Côtes de Bordeaux,Château Montfollet,"Montfollet, Château ",Red,Red,Dry,Red Bordeaux Blend,Red Bordeaux Blend,Vieilles Vignes,Unknown,,,,,,,,,,,,,,,,,,,,,,,,,,,,,,,,87.0,1,,,2025.0,2030.0,53,30,0,23
5176495,208402535,Cellar,,750ml,USD,1,13.0359,0.0,0.0,USD,Unknown,7/22/2025,,2022,Precision Wine Company Cabernet Sauvignon Method California,"USA, California",USA,California,Unknown,California,Precision Wine Company,Precision Wine Company,Red,Red,Dry,Cabernet Sauvignon,Cabernet Sauvignon,Method,Unknown,,,,,,,,,,,,,,,,,,,,,,,,,,,,,,,,88.4736842105263,19,,,2025.0,2028.0,950,667,0,283
4865164,210695838,Cellar,,750ml,USD,1,5.506,2.97,2.97,USD,Costco,9/20/2025,,2022,Ravasqueira Alentejo Guarda Rios Premium,"Portugal, Alentejano, Alentejo",Portugal,Alentejano,Alentejo,Alentejo,Ravasqueira,Ravasqueira,Red,Red,Dry,Red Blend,Red Blend,Guarda Rios Premium,Unknown,,,,,,,,,,,,,,,,,,,,,,,,,,,,,,,,,0,,,2024.0,2027.0,12,7,0,5
4865164,210695839,Cellar,,750ml,USD,1,5.506,2.97,2.97,USD,Costco,9/20/2025,,2022,Ravasqueira Alentejo Guarda Rios Premium,"Portugal, Alentejano, Alentejo",Portugal,Alentejano,Alentejo,Alentejo,Ravasqueira,Ravasqueira,Red,Red,Dry,Red Blend,Red Blend,Guarda Rios Premium,Unknown,,,,,,,,,,,,,,,,,,,,,,,,,,,,,,,,,0,,,2024.0,2027.0,12,7,0,5
4865164,210695840,Cellar,,750ml,USD,1,5.506,2.97,2.97,USD,Costco,9/20/2025,,2022,Ravasqueira Alentejo Guarda Rios Premium,"Portugal, Alentejano, Alentejo",Portugal,Alentejano,Alentejo,Alentejo,Ravasqueira,Ravasqueira,Red,Red,Dry,Red Blend,Red Blend,Guarda Rios Premium,Unknown,,,,,,,,,,,,,,,,,,,,,,,,,,,,,,,,,0,,,2024.0,2027.0,12,7,0,5
4865164,210695841,Cellar,,750ml,USD,1,5.506,2.97,2.97,USD,Costco,9/20/2025,,2022,Ravasqueira Alentejo Guarda Rios Premium,"Portugal, Alentejano, Alentejo",Portugal,Alentejano,Alentejo,Alentejo,Ravasqueira,Ravasqueira,Red,Red,Dry,Red Blend,Red Blend,Guarda Rios Premium,Unknown,,,,,,,,,,,,,,,,,,,,,,,,,,,,,,,,,0,,,2024.0,2027.0,12,7,0,5
5060671,210695900,Cellar,,750ml,USD,1,7.1546,3.97,3.97,USD,Costco,9/20/2025,,2021,Bodegas Sierra Salinas Mo,"Spain, Valencia, Alicante",Spain,Valencia,Unknown,Alicante,Bodegas Sierra Salinas,"Sierra Salinas, Bodegas ",Red,Red,Dry,Monastrell,Mourvèdre,Mo,Unknown,,,,,,,,,,,,,,,,,,,,,,,,,,,,,,,,,0,,,2024.0,2030.0,58,35,0,23
5060671,210695901,Cellar,,750ml,USD,1,7.1546,3.97,3.97,USD,Costco,9/20/2025,,2021,Bodegas Sierra Salinas Mo,"Spain, Valencia, Alicante",Spain,Valencia,Unknown,Alicante,Bodegas Sierra Salinas,"Sierra Salinas, Bodegas ",Red,Red,Dry,Monastrell,Mourvèdre,Mo,Unknown,,,,,,,,,,,,,,,,,,,,,,,,,,,,,,,,,0,,,2024.0,2030.0,58,35,0,23
5060671,210695902,Cellar,,750ml,USD,1,7.1546,3.97,3.97,USD,Costco,9/20/2025,,2021,Bodegas Sierra Salinas Mo,"Spain, Valencia, Alicante",Spain,Valencia,Unknown,Alicante,Bodegas Sierra Salinas,"Sierra Salinas, Bodegas ",Red,Red,Dry,Monastrell,Mourvèdre,Mo,Unknown,,,,,,,,,,,,,,,,,,,,,,,,,,,,,,,,,0,,,2024.0,2030.0,58,35,0,23
5060671,210695903,Cellar,,750ml,USD,1,7.1546,3.97,3.97,USD,Costco,9/20/2025,,2021,Bodegas Sierra Salinas Mo,"Spain, Valencia, Alicante",Spain,Valencia,Unknown,Alicante,Bodegas Sierra Salinas,"Sierra Salinas, Bodegas ",Red,Red,Dry,Monastrell,Mourvèdre,Mo,Unknown,,,,,,,,,,,,,,,,,,,,,,,,,,,,,,,,,0,,,2024.0,2030.0,58,35,0,23
4614996,209493193,Cellar,,750ml,USD,1,10.63,7.0,7.0,USD,Costco,8/17/2025,,2021,Trapiche Cabernet Sauvignon Broquel,"Argentina, Mendoza",Argentina,Mendoza,Unknown,Unknown,Trapiche,Trapiche,Red,Red,Dry,Cabernet Sauvignon,Cabernet Sauvignon,Broquel,Unknown,,,,,,,,,,,,,,,,,,,,,,,,,,,,,,,,90.0,3,,,2025.0,2027.0,13,5,0,8
4660944,208835402,Cellar,,750ml,USD,1,17.0362,15.0,15.0,USD,Costco,8/2/2025,,2022,Umani Ronchi Verdicchio dei Castelli di Jesi Classico Superiore Casal di Serra,"Italy, Marche, Verdicchio dei Castelli di Jesi Classico Superiore",Italy,Marche,Unknown,Verdicchio dei Castelli di Jesi Classico Superiore,Umani Ronchi,Umani Ronchi,White,White,Dry,Verdicchio,Verdicchio,Casal di Serra,Unknown,,,,,,,,,,,,,,,,,,,,,,,,,,,,,,,,88.8148148148148,28,91.0,1.0,2023.0,2027.0,277,104,0,173
4877897,209493083,Cellar,,750ml,USD,1,16.8033,15.0,15.0,USD,Costco,8/20/2025,,2022,Bodegas Vatan Tinta de Toro Triton Old Vines,"Spain, Castilla y León, Toro",Spain,Castilla y León,Unknown,Toro,Bodegas Vatan,"Vatan, Bodegas ",Red,Red,Dry,Tinta de Toro,Tempranillo,Triton Old Vines,Unknown,,,,,,,,,,,,,,,,,,,,,,,,,,,,,,,,88.7,11,,,2026.0,2032.0,142,72,2,68
4997873,209492907,Cellar,,750ml,USD,1,17.0195,15.0,15.0,USD,Costco,8/20/2025,,2022,Villota Rioja Selvanevada Tinto,"Spain, La Rioja, La Rioja Alavesa, Rioja",Spain,La Rioja,La Rioja Alavesa,Rioja,Villota,Villota,Red,Red,Dry,Tempranillo Blend,Tempranillo,Selvanevada Tinto,Unknown,,,,,,,,,,,,,,,,,,,,,,,,,,,,,,,,88.3333333333333,5,,,,2027.0,84,45,0,39
4944559,210164532,Cellar,,750ml,USD,1,10.7218,9.0,9.0,USD,Costco,9/7/2025,,2021,Vinícola Navarra Navarra,"Spain, Navarra",Spain,Navarra,Unknown,Navarra,Vinícola Navarra,Vinícola Navarra,Red,Red,Dry,Cabernet Sauvignon,Cabernet Sauvignon,Unknown,Unknown,,,,,,,,,,,,,,,,,,,,,,,,,,,,,,,,,1,,,,,37,23,0,14
4608072,212587300,Cellar,,750ml,USD,1,18.896,16.0,16.0,USD,Costco,11/3/2025,,1001,Zaha Calcaire Cuvée Reserve Blanc de Blancs,Argentina,Argentina,Argentina,Unknown,Unknown,Zaha,Zaha,White - Sparkling,White,Sparkling,Chardonnay,Chardonnay,Calcaire Cuvée Reserve Blanc de Blancs,Unknown,,,,,,,,,,,,,,,,,,,,,,,,,,,,,,,,88.6666666666667,5,,,,,58,32,0,26
